	CUST_NO	VISITDATE	PAGE
0	AZTHNWQ_LXMGIMYG	9462	http://www.esunbank.com.tw/gygrt/e2c/iougkjr/
2	3PY428CHUQBULFIG	9458	https://www.esunbank.com.tw/edrn/deoxt/rgws-cgrtgu
3	JVPD1QUJWVLMZU8S	9457	https://www.esunbank.com.tw/edrn/pgusordq/fgposkt/udtg/iougz/gzchdrjg-udtg-chdut
5	JVPD1QUJWVLMZU8S	9471	https://www.esunbank.com.tw/edrn/pgusordq/fgposkt/udtg/iougz/gzchdrjg-udtg-chdut
6	JVPD1QUJWVLMZU8S	9455	https://www.esunbank.com.tw/edrn/pgusordq/fgposkt/udtg/iougz/gzchdrjg-udtg-chdut
7	JVPD1QUJWVLMZU8S	9469	https://www.esunbank.com.tw/edrn/pgusordq/fgposkt/udtg/iougz/gzchdrjg-udtg-chdut
8	JVPD1QUJWVLMZU8S	9466	https://www.esunbank.com.tw/edrn/pgusordq/fgposkt/udtg/iougz/gzchdrjg-udtg-chdut
40	UT8OOUMHJ0JVEDMS	9465	https://www.esunbank.com.tw/edrn/pgusordq/cugfkt-cduf/fkscoxrt/shopkrio
49	DX-ULHMCEG2BBHV4	9459	http://www.esunbank.com.tw/gygrt/e2c/iougkjr/
50	DX-ULHMCEG2BBHV4	9477	https://www.esunbank.com.tw/edrn/pgusordq/cugfkt-cduf/fkscoxrt/shopkrio
51	DX-ULHMCEG2BBHV4	9476	https://www.esunbank.com.tw/edrn/pgusordq/cugfkt-cduf/fkscoxrt/shopkrio
57	13BNH7ZGAXJ3OX8S	9449	http://www.esunbank.com.tw/gygrt/pke/grtua/krfgz.htm
58	8X6PYOF1ASTUK0G4	9471	https://www.esunbank.com.tw/gygrt/se/fj/
62	KOBFBOOT4D5IUOM4	9473	https://www.esunbank.com.tw/edrn/pgusordq/fgposkt/iougkjr-sguykcg/fgopskt-gygrt
69	CMRKCFYMPVUYGYZ4	9458	http://www.esunbank.com.tw/gygrt/qodr/fj/
72	GTODJE4YCTCJX_R0	9474	https://www.esunbank.com.tw/gygrt/e2c/ge/
73	VIRFV_F4MUK1FARY	9457	https://www.esunbank.com.tw/edrn/pgusordq/fgposkt/udtg/iougz/iougkjr-gzchdrjg-udtgs
74	VIRFV_F4MUK1FARY	9457	https://www.esunbank.com.tw/edrn/deoxt/drroxrcgmgrt/drroxrcgmgrt
79	HWAZJ_IO2-GACG_C	9452	http://www.esunbank.com.tw/gygrt/qodr/hoxsg/qodr/
81	UY5SEAVIKP1Q42S4	9464	http://www.esunbank.com.tw/gygrt/e2c/iougkjr/